image_path,class,source_dataset,original_label,domain,split
train/normal/EuroSAT_AnnualCrop_0.jpg,normal,EuroSAT,AnnualCrop,satellite,train
train/normal/EuroSAT_HerbaceousVegetation_1.jpg,normal,EuroSAT,HerbaceousVegetation,satellite,train
train/normal/EuroSAT_SeaLake_2.jpg,normal,EuroSAT,SeaLake,satellite,train
train/normal/EuroSAT_Industrial_3.jpg,normal,EuroSAT,Industrial,satellite,train
train/normal/EuroSAT_PermanentCrop_4.jpg,normal,EuroSAT,PermanentCrop,satellite,train
train/normal/EuroSAT_Pasture_5.jpg,normal,EuroSAT,Pasture,satellite,train
train/normal/EuroSAT_AnnualCrop_6.jpg,normal,EuroSAT,AnnualCrop,satellite,train
train/normal/EuroSAT_SeaLake_7.jpg,normal,EuroSAT,SeaLake,satellite,train
train/normal/EuroSAT_River_8.jpg,normal,EuroSAT,River,satellite,train
train/normal/EuroSAT_HerbaceousVegetation_9.jpg,normal,EuroSAT,HerbaceousVegetation,satellite,train
train/normal/EuroSAT_PermanentCrop_10.jpg,normal,EuroSAT,PermanentCrop,satellite,train
train/normal/EuroSAT_SeaLake_11.jpg,normal,EuroSAT,SeaLake,satellite,train
train/normal/EuroSAT_Industrial_12.jpg,normal,EuroSAT,Industrial,satellite,train
train/normal/EuroSAT_River_13.jpg,normal,EuroSAT,River,satellite,train
train/normal/EuroSAT_PermanentCrop_14.jpg,normal,EuroSAT,PermanentCrop,satellite,train
train/normal/EuroSAT_AnnualCrop_15.jpg,normal,EuroSAT,AnnualCrop,satellite,train
train/normal/EuroSAT_PermanentCrop_16.jpg,normal,EuroSAT,PermanentCrop,satellite,train
train/normal/EuroSAT_Industrial_17.jpg,normal,EuroSAT,Industrial,satellite,train
train/normal/EuroSAT_SeaLake_18.jpg,normal,EuroSAT,SeaLake,satellite,train
train/normal/EuroSAT_AnnualCrop_19.jpg,normal,EuroSAT,AnnualCrop,satellite,train
train/normal/EuroSAT_AnnualCrop_20.jpg,normal,EuroSAT,AnnualCrop,satellite,train
train/normal/EuroSAT_Forest_21.jpg,normal,EuroSAT,Forest,satellite,train
train/normal/EuroSAT_Residential_22.jpg,normal,EuroSAT,Residential,satellite,train
train/normal/EuroSAT_Forest_23.jpg,normal,EuroSAT,Forest,satellite,train
train/normal/EuroSAT_Forest_24.jpg,normal,EuroSAT,Forest,satellite,train
train/normal/EuroSAT_Industrial_25.jpg,normal,EuroSAT,Industrial,satellite,train
train/normal/EuroSAT_Pasture_26.jpg,normal,EuroSAT,Pasture,satellite,train
train/normal/EuroSAT_Industrial_27.jpg,normal,EuroSAT,Industrial,satellite,train
train/normal/EuroSAT_River_28.jpg,normal,EuroSAT,River,satellite,train
train/normal/EuroSAT_Industrial_29.jpg,normal,EuroSAT,Industrial,satellite,train
train/normal/EuroSAT_SeaLake_30.jpg,normal,EuroSAT,SeaLake,satellite,train
train/normal/EuroSAT_Forest_31.jpg,normal,EuroSAT,Forest,satellite,train
train/normal/EuroSAT_Industrial_32.jpg,normal,EuroSAT,Industrial,satellite,train
train/normal/EuroSAT_SeaLake_33.jpg,normal,EuroSAT,SeaLake,satellite,train
train/normal/EuroSAT_AnnualCrop_34.jpg,normal,EuroSAT,AnnualCrop,satellite,train
train/normal/EuroSAT_HerbaceousVegetation_35.jpg,normal,EuroSAT,HerbaceousVegetation,satellite,train
train/normal/EuroSAT_AnnualCrop_36.jpg,normal,EuroSAT,AnnualCrop,satellite,train
train/normal/EuroSAT_Residential_37.jpg,normal,EuroSAT,Residential,satellite,train
train/normal/EuroSAT_Industrial_38.jpg,normal,EuroSAT,Industrial,satellite,train
train/normal/EuroSAT_AnnualCrop_39.jpg,normal,EuroSAT,AnnualCrop,satellite,train
train/normal/EuroSAT_Pasture_40.jpg,normal,EuroSAT,Pasture,satellite,train
train/normal/EuroSAT_River_41.jpg,normal,EuroSAT,River,satellite,train
train/normal/EuroSAT_Forest_42.jpg,normal,EuroSAT,Forest,satellite,train
train/normal/EuroSAT_PermanentCrop_43.jpg,normal,EuroSAT,PermanentCrop,satellite,train
train/normal/EuroSAT_Industrial_44.jpg,normal,EuroSAT,Industrial,satellite,train
train/normal/EuroSAT_AnnualCrop_45.jpg,normal,EuroSAT,AnnualCrop,satellite,train
train/normal/EuroSAT_Residential_46.jpg,normal,EuroSAT,Residential,satellite,train
train/normal/EuroSAT_Forest_47.jpg,normal,EuroSAT,Forest,satellite,train
train/normal/EuroSAT_Industrial_48.jpg,normal,EuroSAT,Industrial,satellite,train
train/normal/EuroSAT_Pasture_49.jpg,normal,EuroSAT,Pasture,satellite,train
train/normal/EuroSAT_Pasture_50.jpg,normal,EuroSAT,Pasture,satellite,train
train/normal/EuroSAT_Forest_51.jpg,normal,EuroSAT,Forest,satellite,train
train/normal/EuroSAT_Industrial_52.jpg,normal,EuroSAT,Industrial,satellite,train
train/normal/EuroSAT_Forest_53.jpg,normal,EuroSAT,Forest,satellite,train
train/normal/EuroSAT_Residential_54.jpg,normal,EuroSAT,Residential,satellite,train
train/normal/EuroSAT_AnnualCrop_55.jpg,normal,EuroSAT,AnnualCrop,satellite,train
train/normal/EuroSAT_Residential_56.jpg,normal,EuroSAT,Residential,satellite,train
train/normal/EuroSAT_Industrial_57.jpg,normal,EuroSAT,Industrial,satellite,train
train/normal/EuroSAT_HerbaceousVegetation_58.jpg,normal,EuroSAT,HerbaceousVegetation,satellite,train
train/normal/EuroSAT_Forest_59.jpg,normal,EuroSAT,Forest,satellite,train
val/normal/EuroSAT_Pasture_0.jpg,normal,EuroSAT,Pasture,satellite,val
val/normal/EuroSAT_AnnualCrop_1.jpg,normal,EuroSAT,AnnualCrop,satellite,val
val/normal/EuroSAT_SeaLake_2.jpg,normal,EuroSAT,SeaLake,satellite,val
val/normal/EuroSAT_SeaLake_3.jpg,normal,EuroSAT,SeaLake,satellite,val
val/normal/EuroSAT_River_4.jpg,normal,EuroSAT,River,satellite,val
val/normal/EuroSAT_PermanentCrop_5.jpg,normal,EuroSAT,PermanentCrop,satellite,val
val/normal/EuroSAT_River_6.jpg,normal,EuroSAT,River,satellite,val
val/normal/EuroSAT_Pasture_7.jpg,normal,EuroSAT,Pasture,satellite,val
val/normal/EuroSAT_Industrial_8.jpg,normal,EuroSAT,Industrial,satellite,val
val/normal/EuroSAT_Pasture_9.jpg,normal,EuroSAT,Pasture,satellite,val
val/normal/EuroSAT_Industrial_10.jpg,normal,EuroSAT,Industrial,satellite,val
val/normal/EuroSAT_Industrial_11.jpg,normal,EuroSAT,Industrial,satellite,val
val/normal/EuroSAT_PermanentCrop_12.jpg,normal,EuroSAT,PermanentCrop,satellite,val
val/normal/EuroSAT_River_13.jpg,normal,EuroSAT,River,satellite,val
val/normal/EuroSAT_PermanentCrop_14.jpg,normal,EuroSAT,PermanentCrop,satellite,val
val/normal/EuroSAT_River_15.jpg,normal,EuroSAT,River,satellite,val
val/normal/EuroSAT_Industrial_16.jpg,normal,EuroSAT,Industrial,satellite,val
val/normal/EuroSAT_River_17.jpg,normal,EuroSAT,River,satellite,val
val/normal/EuroSAT_SeaLake_18.jpg,normal,EuroSAT,SeaLake,satellite,val
val/normal/EuroSAT_HerbaceousVegetation_19.jpg,normal,EuroSAT,HerbaceousVegetation,satellite,val
test/normal/EuroSAT_SeaLake_0.jpg,normal,EuroSAT,SeaLake,satellite,test
test/normal/EuroSAT_Pasture_1.jpg,normal,EuroSAT,Pasture,satellite,test
test/normal/EuroSAT_Industrial_2.jpg,normal,EuroSAT,Industrial,satellite,test
test/normal/EuroSAT_Forest_3.jpg,normal,EuroSAT,Forest,satellite,test
test/normal/EuroSAT_HerbaceousVegetation_4.jpg,normal,EuroSAT,HerbaceousVegetation,satellite,test
test/normal/EuroSAT_AnnualCrop_5.jpg,normal,EuroSAT,AnnualCrop,satellite,test
test/normal/EuroSAT_Residential_6.jpg,normal,EuroSAT,Residential,satellite,test
test/normal/EuroSAT_SeaLake_7.jpg,normal,EuroSAT,SeaLake,satellite,test
test/normal/EuroSAT_River_8.jpg,normal,EuroSAT,River,satellite,test
test/normal/EuroSAT_Pasture_9.jpg,normal,EuroSAT,Pasture,satellite,test
test/normal/EuroSAT_SeaLake_10.jpg,normal,EuroSAT,SeaLake,satellite,test
test/normal/EuroSAT_Residential_11.jpg,normal,EuroSAT,Residential,satellite,test
test/normal/EuroSAT_River_12.jpg,normal,EuroSAT,River,satellite,test
test/normal/EuroSAT_Residential_13.jpg,normal,EuroSAT,Residential,satellite,test
test/normal/EuroSAT_Industrial_14.jpg,normal,EuroSAT,Industrial,satellite,test
test/normal/EuroSAT_Pasture_15.jpg,normal,EuroSAT,Pasture,satellite,test
test/normal/EuroSAT_Pasture_16.jpg,normal,EuroSAT,Pasture,satellite,test
test/normal/EuroSAT_Pasture_17.jpg,normal,EuroSAT,Pasture,satellite,test
test/normal/EuroSAT_Industrial_18.jpg,normal,EuroSAT,Industrial,satellite,test
test/normal/EuroSAT_Residential_19.jpg,normal,EuroSAT,Residential,satellite,test
train/flood/rupakroy_Flood_0.jpg,flood,rupakroy,Flood,mixed_aerial_web,train
train/flood/rupakroy_Flood_1.jpg,flood,rupakroy,Flood,mixed_aerial_web,train
train/flood/rupakroy_Flood_2.jpg,flood,rupakroy,Flood,mixed_aerial_web,train
train/flood/rupakroy_Flood_3.jpg,flood,rupakroy,Flood,mixed_aerial_web,train
train/flood/rupakroy_Flood_4.jpg,flood,rupakroy,Flood,mixed_aerial_web,train
train/flood/rupakroy_Flood_5.jpg,flood,rupakroy,Flood,mixed_aerial_web,train
train/flood/rupakroy_Flood_6.jpg,flood,rupakroy,Flood,mixed_aerial_web,train
train/flood/rupakroy_Flood_7.jpg,flood,rupakroy,Flood,mixed_aerial_web,train
train/flood/rupakroy_Flood_8.jpg,flood,rupakroy,Flood,mixed_aerial_web,train
train/flood/rupakroy_Flood_9.jpg,flood,rupakroy,Flood,mixed_aerial_web,train
train/flood/rupakroy_Flood_10.jpg,flood,rupakroy,Flood,mixed_aerial_web,train
train/flood/rupakroy_Flood_11.jpg,flood,rupakroy,Flood,mixed_aerial_web,train
train/flood/rupakroy_Flood_12.jpg,flood,rupakroy,Flood,mixed_aerial_web,train
train/flood/rupakroy_Flood_13.jpg,flood,rupakroy,Flood,mixed_aerial_web,train
train/flood/rupakroy_Flood_14.jpg,flood,rupakroy,Flood,mixed_aerial_web,train
train/flood/rupakroy_Flood_15.jpg,flood,rupakroy,Flood,mixed_aerial_web,train
train/flood/rupakroy_Flood_16.jpg,flood,rupakroy,Flood,mixed_aerial_web,train
train/flood/rupakroy_Flood_17.jpg,flood,rupakroy,Flood,mixed_aerial_web,train
train/flood/rupakroy_Flood_18.jpg,flood,rupakroy,Flood,mixed_aerial_web,train
train/flood/rupakroy_Flood_19.jpg,flood,rupakroy,Flood,mixed_aerial_web,train
train/flood/rupakroy_Flood_20.jpg,flood,rupakroy,Flood,mixed_aerial_web,train
train/flood/rupakroy_Flood_21.jpg,flood,rupakroy,Flood,mixed_aerial_web,train
train/flood/rupakroy_Flood_22.jpg,flood,rupakroy,Flood,mixed_aerial_web,train
train/flood/rupakroy_Flood_23.jpg,flood,rupakroy,Flood,mixed_aerial_web,train
train/flood/rupakroy_Flood_24.jpg,flood,rupakroy,Flood,mixed_aerial_web,train
train/flood/rupakroy_Flood_25.jpg,flood,rupakroy,Flood,mixed_aerial_web,train
train/flood/rupakroy_Flood_26.jpg,flood,rupakroy,Flood,mixed_aerial_web,train
train/flood/rupakroy_Flood_27.jpg,flood,rupakroy,Flood,mixed_aerial_web,train
train/flood/rupakroy_Flood_28.jpg,flood,rupakroy,Flood,mixed_aerial_web,train
train/flood/rupakroy_Flood_29.jpg,flood,rupakroy,Flood,mixed_aerial_web,train
train/flood/rupakroy_Flood_30.jpg,flood,rupakroy,Flood,mixed_aerial_web,train
train/flood/rupakroy_Flood_31.jpg,flood,rupakroy,Flood,mixed_aerial_web,train
train/flood/rupakroy_Flood_32.jpg,flood,rupakroy,Flood,mixed_aerial_web,train
train/flood/rupakroy_Flood_33.jpg,flood,rupakroy,Flood,mixed_aerial_web,train
train/flood/rupakroy_Flood_34.jpg,flood,rupakroy,Flood,mixed_aerial_web,train
train/flood/rupakroy_Flood_35.jpg,flood,rupakroy,Flood,mixed_aerial_web,train
train/flood/rupakroy_Flood_36.jpg,flood,rupakroy,Flood,mixed_aerial_web,train
train/flood/rupakroy_Flood_37.jpg,flood,rupakroy,Flood,mixed_aerial_web,train
train/flood/rupakroy_Flood_38.jpg,flood,rupakroy,Flood,mixed_aerial_web,train
train/flood/rupakroy_Flood_39.jpg,flood,rupakroy,Flood,mixed_aerial_web,train
train/flood/rupakroy_Flood_40.jpg,flood,rupakroy,Flood,mixed_aerial_web,train
train/flood/rupakroy_Flood_41.jpg,flood,rupakroy,Flood,mixed_aerial_web,train
train/flood/rupakroy_Flood_42.jpg,flood,rupakroy,Flood,mixed_aerial_web,train
train/flood/rupakroy_Flood_43.jpg,flood,rupakroy,Flood,mixed_aerial_web,train
train/flood/rupakroy_Flood_44.jpg,flood,rupakroy,Flood,mixed_aerial_web,train
train/flood/rupakroy_Flood_45.jpg,flood,rupakroy,Flood,mixed_aerial_web,train
train/flood/rupakroy_Flood_46.jpg,flood,rupakroy,Flood,mixed_aerial_web,train
train/flood/rupakroy_Flood_47.jpg,flood,rupakroy,Flood,mixed_aerial_web,train
train/flood/rupakroy_Flood_48.jpg,flood,rupakroy,Flood,mixed_aerial_web,train
train/flood/rupakroy_Flood_49.jpg,flood,rupakroy,Flood,mixed_aerial_web,train
train/flood/rupakroy_Flood_50.jpg,flood,rupakroy,Flood,mixed_aerial_web,train
train/flood/rupakroy_Flood_51.jpg,flood,rupakroy,Flood,mixed_aerial_web,train
train/flood/rupakroy_Flood_52.jpg,flood,rupakroy,Flood,mixed_aerial_web,train
train/flood/rupakroy_Flood_53.jpg,flood,rupakroy,Flood,mixed_aerial_web,train
train/flood/rupakroy_Flood_54.jpg,flood,rupakroy,Flood,mixed_aerial_web,train
train/flood/rupakroy_Flood_55.jpg,flood,rupakroy,Flood,mixed_aerial_web,train
train/flood/rupakroy_Flood_56.jpg,flood,rupakroy,Flood,mixed_aerial_web,train
train/flood/rupakroy_Flood_57.jpg,flood,rupakroy,Flood,mixed_aerial_web,train
train/flood/rupakroy_Flood_58.jpg,flood,rupakroy,Flood,mixed_aerial_web,train
train/flood/rupakroy_Flood_59.jpg,flood,rupakroy,Flood,mixed_aerial_web,train
val/flood/rupakroy_Flood_0.jpg,flood,rupakroy,Flood,mixed_aerial_web,val
val/flood/rupakroy_Flood_1.jpg,flood,rupakroy,Flood,mixed_aerial_web,val
val/flood/rupakroy_Flood_2.jpg,flood,rupakroy,Flood,mixed_aerial_web,val
val/flood/rupakroy_Flood_3.jpg,flood,rupakroy,Flood,mixed_aerial_web,val
val/flood/rupakroy_Flood_4.jpg,flood,rupakroy,Flood,mixed_aerial_web,val
val/flood/rupakroy_Flood_5.jpg,flood,rupakroy,Flood,mixed_aerial_web,val
val/flood/rupakroy_Flood_6.jpg,flood,rupakroy,Flood,mixed_aerial_web,val
val/flood/rupakroy_Flood_7.jpg,flood,rupakroy,Flood,mixed_aerial_web,val
val/flood/rupakroy_Flood_8.jpg,flood,rupakroy,Flood,mixed_aerial_web,val
val/flood/rupakroy_Flood_9.jpg,flood,rupakroy,Flood,mixed_aerial_web,val
val/flood/rupakroy_Flood_10.jpg,flood,rupakroy,Flood,mixed_aerial_web,val
val/flood/rupakroy_Flood_11.jpg,flood,rupakroy,Flood,mixed_aerial_web,val
val/flood/rupakroy_Flood_12.jpg,flood,rupakroy,Flood,mixed_aerial_web,val
val/flood/rupakroy_Flood_13.jpg,flood,rupakroy,Flood,mixed_aerial_web,val
val/flood/rupakroy_Flood_14.jpg,flood,rupakroy,Flood,mixed_aerial_web,val
val/flood/rupakroy_Flood_15.jpg,flood,rupakroy,Flood,mixed_aerial_web,val
val/flood/rupakroy_Flood_16.jpg,flood,rupakroy,Flood,mixed_aerial_web,val
val/flood/rupakroy_Flood_17.jpg,flood,rupakroy,Flood,mixed_aerial_web,val
val/flood/rupakroy_Flood_18.jpg,flood,rupakroy,Flood,mixed_aerial_web,val
val/flood/rupakroy_Flood_19.jpg,flood,rupakroy,Flood,mixed_aerial_web,val
test/flood/rupakroy_Flood_0.jpg,flood,rupakroy,Flood,mixed_aerial_web,test
test/flood/rupakroy_Flood_1.jpg,flood,rupakroy,Flood,mixed_aerial_web,test
test/flood/rupakroy_Flood_2.jpg,flood,rupakroy,Flood,mixed_aerial_web,test
test/flood/rupakroy_Flood_3.jpg,flood,rupakroy,Flood,mixed_aerial_web,test
test/flood/rupakroy_Flood_4.jpg,flood,rupakroy,Flood,mixed_aerial_web,test
test/flood/rupakroy_Flood_5.jpg,flood,rupakroy,Flood,mixed_aerial_web,test
test/flood/rupakroy_Flood_6.jpg,flood,rupakroy,Flood,mixed_aerial_web,test
test/flood/rupakroy_Flood_7.jpg,flood,rupakroy,Flood,mixed_aerial_web,test
test/flood/rupakroy_Flood_8.jpg,flood,rupakroy,Flood,mixed_aerial_web,test
test/flood/rupakroy_Flood_9.jpg,flood,rupakroy,Flood,mixed_aerial_web,test
test/flood/rupakroy_Flood_10.jpg,flood,rupakroy,Flood,mixed_aerial_web,test
test/flood/rupakroy_Flood_11.jpg,flood,rupakroy,Flood,mixed_aerial_web,test
test/flood/rupakroy_Flood_12.jpg,flood,rupakroy,Flood,mixed_aerial_web,test
test/flood/rupakroy_Flood_13.jpg,flood,rupakroy,Flood,mixed_aerial_web,test
test/flood/rupakroy_Flood_14.jpg,flood,rupakroy,Flood,mixed_aerial_web,test
test/flood/rupakroy_Flood_15.jpg,flood,rupakroy,Flood,mixed_aerial_web,test
test/flood/rupakroy_Flood_16.jpg,flood,rupakroy,Flood,mixed_aerial_web,test
test/flood/rupakroy_Flood_17.jpg,flood,rupakroy,Flood,mixed_aerial_web,test
test/flood/rupakroy_Flood_18.jpg,flood,rupakroy,Flood,mixed_aerial_web,test
test/flood/rupakroy_Flood_19.jpg,flood,rupakroy,Flood,mixed_aerial_web,test
train/earthquake/rupakroy_Earthquake_0.jpg,earthquake,rupakroy,Earthquake,mixed_aerial_web,train
train/earthquake/rupakroy_Earthquake_1.jpg,earthquake,rupakroy,Earthquake,mixed_aerial_web,train
train/earthquake/rupakroy_Earthquake_2.jpg,earthquake,rupakroy,Earthquake,mixed_aerial_web,train
train/earthquake/rupakroy_Earthquake_3.jpg,earthquake,rupakroy,Earthquake,mixed_aerial_web,train
train/earthquake/rupakroy_Earthquake_4.jpg,earthquake,rupakroy,Earthquake,mixed_aerial_web,train
train/earthquake/rupakroy_Earthquake_5.jpg,earthquake,rupakroy,Earthquake,mixed_aerial_web,train
train/earthquake/rupakroy_Earthquake_6.jpg,earthquake,rupakroy,Earthquake,mixed_aerial_web,train
train/earthquake/rupakroy_Earthquake_7.jpg,earthquake,rupakroy,Earthquake,mixed_aerial_web,train
train/earthquake/rupakroy_Earthquake_8.jpg,earthquake,rupakroy,Earthquake,mixed_aerial_web,train
train/earthquake/rupakroy_Earthquake_9.jpg,earthquake,rupakroy,Earthquake,mixed_aerial_web,train
train/earthquake/rupakroy_Earthquake_10.jpg,earthquake,rupakroy,Earthquake,mixed_aerial_web,train
train/earthquake/rupakroy_Earthquake_11.jpg,earthquake,rupakroy,Earthquake,mixed_aerial_web,train
train/earthquake/rupakroy_Earthquake_12.jpg,earthquake,rupakroy,Earthquake,mixed_aerial_web,train
train/earthquake/rupakroy_Earthquake_13.jpg,earthquake,rupakroy,Earthquake,mixed_aerial_web,train
train/earthquake/rupakroy_Earthquake_14.jpg,earthquake,rupakroy,Earthquake,mixed_aerial_web,train
train/earthquake/rupakroy_Earthquake_15.jpg,earthquake,rupakroy,Earthquake,mixed_aerial_web,train
train/earthquake/rupakroy_Earthquake_16.jpg,earthquake,rupakroy,Earthquake,mixed_aerial_web,train
train/earthquake/rupakroy_Earthquake_17.jpg,earthquake,rupakroy,Earthquake,mixed_aerial_web,train
train/earthquake/rupakroy_Earthquake_18.jpg,earthquake,rupakroy,Earthquake,mixed_aerial_web,train
train/earthquake/rupakroy_Earthquake_19.jpg,earthquake,rupakroy,Earthquake,mixed_aerial_web,train
train/earthquake/rupakroy_Earthquake_20.jpg,earthquake,rupakroy,Earthquake,mixed_aerial_web,train
train/earthquake/rupakroy_Earthquake_21.jpg,earthquake,rupakroy,Earthquake,mixed_aerial_web,train
train/earthquake/rupakroy_Earthquake_22.jpg,earthquake,rupakroy,Earthquake,mixed_aerial_web,train
train/earthquake/rupakroy_Earthquake_23.jpg,earthquake,rupakroy,Earthquake,mixed_aerial_web,train
train/earthquake/rupakroy_Earthquake_24.jpg,earthquake,rupakroy,Earthquake,mixed_aerial_web,train
train/earthquake/rupakroy_Earthquake_25.jpg,earthquake,rupakroy,Earthquake,mixed_aerial_web,train
train/earthquake/rupakroy_Earthquake_26.jpg,earthquake,rupakroy,Earthquake,mixed_aerial_web,train
train/earthquake/rupakroy_Earthquake_27.jpg,earthquake,rupakroy,Earthquake,mixed_aerial_web,train
train/earthquake/rupakroy_Earthquake_28.jpg,earthquake,rupakroy,Earthquake,mixed_aerial_web,train
train/earthquake/rupakroy_Earthquake_29.jpg,earthquake,rupakroy,Earthquake,mixed_aerial_web,train
train/earthquake/rupakroy_Earthquake_30.jpg,earthquake,rupakroy,Earthquake,mixed_aerial_web,train
train/earthquake/rupakroy_Earthquake_31.jpg,earthquake,rupakroy,Earthquake,mixed_aerial_web,train
train/earthquake/rupakroy_Earthquake_32.jpg,earthquake,rupakroy,Earthquake,mixed_aerial_web,train
train/earthquake/rupakroy_Earthquake_33.jpg,earthquake,rupakroy,Earthquake,mixed_aerial_web,train
train/earthquake/rupakroy_Earthquake_34.jpg,earthquake,rupakroy,Earthquake,mixed_aerial_web,train
train/earthquake/rupakroy_Earthquake_35.jpg,earthquake,rupakroy,Earthquake,mixed_aerial_web,train
train/earthquake/rupakroy_Earthquake_36.jpg,earthquake,rupakroy,Earthquake,mixed_aerial_web,train
train/earthquake/rupakroy_Earthquake_37.jpg,earthquake,rupakroy,Earthquake,mixed_aerial_web,train
train/earthquake/rupakroy_Earthquake_38.jpg,earthquake,rupakroy,Earthquake,mixed_aerial_web,train
train/earthquake/rupakroy_Earthquake_39.jpg,earthquake,rupakroy,Earthquake,mixed_aerial_web,train
train/earthquake/rupakroy_Earthquake_40.jpg,earthquake,rupakroy,Earthquake,mixed_aerial_web,train
train/earthquake/rupakroy_Earthquake_41.jpg,earthquake,rupakroy,Earthquake,mixed_aerial_web,train
train/earthquake/rupakroy_Earthquake_42.jpg,earthquake,rupakroy,Earthquake,mixed_aerial_web,train
train/earthquake/rupakroy_Earthquake_43.jpg,earthquake,rupakroy,Earthquake,mixed_aerial_web,train
train/earthquake/rupakroy_Earthquake_44.jpg,earthquake,rupakroy,Earthquake,mixed_aerial_web,train
train/earthquake/rupakroy_Earthquake_45.jpg,earthquake,rupakroy,Earthquake,mixed_aerial_web,train
train/earthquake/rupakroy_Earthquake_46.jpg,earthquake,rupakroy,Earthquake,mixed_aerial_web,train
train/earthquake/rupakroy_Earthquake_47.jpg,earthquake,rupakroy,Earthquake,mixed_aerial_web,train
train/earthquake/rupakroy_Earthquake_48.jpg,earthquake,rupakroy,Earthquake,mixed_aerial_web,train
train/earthquake/rupakroy_Earthquake_49.jpg,earthquake,rupakroy,Earthquake,mixed_aerial_web,train
train/earthquake/rupakroy_Earthquake_50.jpg,earthquake,rupakroy,Earthquake,mixed_aerial_web,train
train/earthquake/rupakroy_Earthquake_51.jpg,earthquake,rupakroy,Earthquake,mixed_aerial_web,train
train/earthquake/rupakroy_Earthquake_52.jpg,earthquake,rupakroy,Earthquake,mixed_aerial_web,train
train/earthquake/rupakroy_Earthquake_53.jpg,earthquake,rupakroy,Earthquake,mixed_aerial_web,train
train/earthquake/rupakroy_Earthquake_54.jpg,earthquake,rupakroy,Earthquake,mixed_aerial_web,train
train/earthquake/rupakroy_Earthquake_55.jpg,earthquake,rupakroy,Earthquake,mixed_aerial_web,train
train/earthquake/rupakroy_Earthquake_56.jpg,earthquake,rupakroy,Earthquake,mixed_aerial_web,train
train/earthquake/rupakroy_Earthquake_57.jpg,earthquake,rupakroy,Earthquake,mixed_aerial_web,train
train/earthquake/rupakroy_Earthquake_58.jpg,earthquake,rupakroy,Earthquake,mixed_aerial_web,train
train/earthquake/rupakroy_Earthquake_59.jpg,earthquake,rupakroy,Earthquake,mixed_aerial_web,train
val/earthquake/rupakroy_Earthquake_0.jpg,earthquake,rupakroy,Earthquake,mixed_aerial_web,val
val/earthquake/rupakroy_Earthquake_1.jpg,earthquake,rupakroy,Earthquake,mixed_aerial_web,val
val/earthquake/rupakroy_Earthquake_2.jpg,earthquake,rupakroy,Earthquake,mixed_aerial_web,val
val/earthquake/rupakroy_Earthquake_3.jpg,earthquake,rupakroy,Earthquake,mixed_aerial_web,val
val/earthquake/rupakroy_Earthquake_4.jpg,earthquake,rupakroy,Earthquake,mixed_aerial_web,val
val/earthquake/rupakroy_Earthquake_5.jpg,earthquake,rupakroy,Earthquake,mixed_aerial_web,val
val/earthquake/rupakroy_Earthquake_6.jpg,earthquake,rupakroy,Earthquake,mixed_aerial_web,val
val/earthquake/rupakroy_Earthquake_7.jpg,earthquake,rupakroy,Earthquake,mixed_aerial_web,val
val/earthquake/rupakroy_Earthquake_8.jpg,earthquake,rupakroy,Earthquake,mixed_aerial_web,val
val/earthquake/rupakroy_Earthquake_9.jpg,earthquake,rupakroy,Earthquake,mixed_aerial_web,val
val/earthquake/rupakroy_Earthquake_10.jpg,earthquake,rupakroy,Earthquake,mixed_aerial_web,val
val/earthquake/rupakroy_Earthquake_11.jpg,earthquake,rupakroy,Earthquake,mixed_aerial_web,val
val/earthquake/rupakroy_Earthquake_12.jpg,earthquake,rupakroy,Earthquake,mixed_aerial_web,val
val/earthquake/rupakroy_Earthquake_13.jpg,earthquake,rupakroy,Earthquake,mixed_aerial_web,val
val/earthquake/rupakroy_Earthquake_14.jpg,earthquake,rupakroy,Earthquake,mixed_aerial_web,val
val/earthquake/rupakroy_Earthquake_15.jpg,earthquake,rupakroy,Earthquake,mixed_aerial_web,val
val/earthquake/rupakroy_Earthquake_16.jpg,earthquake,rupakroy,Earthquake,mixed_aerial_web,val
val/earthquake/rupakroy_Earthquake_17.jpg,earthquake,rupakroy,Earthquake,mixed_aerial_web,val
val/earthquake/rupakroy_Earthquake_18.jpg,earthquake,rupakroy,Earthquake,mixed_aerial_web,val
val/earthquake/rupakroy_Earthquake_19.jpg,earthquake,rupakroy,Earthquake,mixed_aerial_web,val
test/earthquake/rupakroy_Earthquake_0.jpg,earthquake,rupakroy,Earthquake,mixed_aerial_web,test
test/earthquake/rupakroy_Earthquake_1.jpg,earthquake,rupakroy,Earthquake,mixed_aerial_web,test
test/earthquake/rupakroy_Earthquake_2.jpg,earthquake,rupakroy,Earthquake,mixed_aerial_web,test
test/earthquake/rupakroy_Earthquake_3.jpg,earthquake,rupakroy,Earthquake,mixed_aerial_web,test
test/earthquake/rupakroy_Earthquake_4.jpg,earthquake,rupakroy,Earthquake,mixed_aerial_web,test
test/earthquake/rupakroy_Earthquake_5.jpg,earthquake,rupakroy,Earthquake,mixed_aerial_web,test
test/earthquake/rupakroy_Earthquake_6.jpg,earthquake,rupakroy,Earthquake,mixed_aerial_web,test
test/earthquake/rupakroy_Earthquake_7.jpg,earthquake,rupakroy,Earthquake,mixed_aerial_web,test
test/earthquake/rupakroy_Earthquake_8.jpg,earthquake,rupakroy,Earthquake,mixed_aerial_web,test
test/earthquake/rupakroy_Earthquake_9.jpg,earthquake,rupakroy,Earthquake,mixed_aerial_web,test
test/earthquake/rupakroy_Earthquake_10.jpg,earthquake,rupakroy,Earthquake,mixed_aerial_web,test
test/earthquake/rupakroy_Earthquake_11.jpg,earthquake,rupakroy,Earthquake,mixed_aerial_web,test
test/earthquake/rupakroy_Earthquake_12.jpg,earthquake,rupakroy,Earthquake,mixed_aerial_web,test
test/earthquake/rupakroy_Earthquake_13.jpg,earthquake,rupakroy,Earthquake,mixed_aerial_web,test
test/earthquake/rupakroy_Earthquake_14.jpg,earthquake,rupakroy,Earthquake,mixed_aerial_web,test
test/earthquake/rupakroy_Earthquake_15.jpg,earthquake,rupakroy,Earthquake,mixed_aerial_web,test
test/earthquake/rupakroy_Earthquake_16.jpg,earthquake,rupakroy,Earthquake,mixed_aerial_web,test
test/earthquake/rupakroy_Earthquake_17.jpg,earthquake,rupakroy,Earthquake,mixed_aerial_web,test
test/earthquake/rupakroy_Earthquake_18.jpg,earthquake,rupakroy,Earthquake,mixed_aerial_web,test
test/earthquake/rupakroy_Earthquake_19.jpg,earthquake,rupakroy,Earthquake,mixed_aerial_web,test
train/cyclone/rupakroy_Cyclone_0.jpg,cyclone,rupakroy,Cyclone,mixed_aerial_web,train
train/cyclone/rupakroy_Cyclone_1.jpg,cyclone,rupakroy,Cyclone,mixed_aerial_web,train
train/cyclone/rupakroy_Cyclone_2.jpg,cyclone,rupakroy,Cyclone,mixed_aerial_web,train
train/cyclone/rupakroy_Cyclone_3.jpg,cyclone,rupakroy,Cyclone,mixed_aerial_web,train
train/cyclone/rupakroy_Cyclone_4.jpg,cyclone,rupakroy,Cyclone,mixed_aerial_web,train
train/cyclone/rupakroy_Cyclone_5.jpg,cyclone,rupakroy,Cyclone,mixed_aerial_web,train
train/cyclone/rupakroy_Cyclone_6.jpg,cyclone,rupakroy,Cyclone,mixed_aerial_web,train
train/cyclone/rupakroy_Cyclone_7.jpg,cyclone,rupakroy,Cyclone,mixed_aerial_web,train
train/cyclone/rupakroy_Cyclone_8.jpg,cyclone,rupakroy,Cyclone,mixed_aerial_web,train
train/cyclone/rupakroy_Cyclone_9.jpg,cyclone,rupakroy,Cyclone,mixed_aerial_web,train
train/cyclone/rupakroy_Cyclone_10.jpg,cyclone,rupakroy,Cyclone,mixed_aerial_web,train
train/cyclone/rupakroy_Cyclone_11.jpg,cyclone,rupakroy,Cyclone,mixed_aerial_web,train
train/cyclone/rupakroy_Cyclone_12.jpg,cyclone,rupakroy,Cyclone,mixed_aerial_web,train
train/cyclone/rupakroy_Cyclone_13.jpg,cyclone,rupakroy,Cyclone,mixed_aerial_web,train
train/cyclone/rupakroy_Cyclone_14.jpg,cyclone,rupakroy,Cyclone,mixed_aerial_web,train
train/cyclone/rupakroy_Cyclone_15.jpg,cyclone,rupakroy,Cyclone,mixed_aerial_web,train
train/cyclone/rupakroy_Cyclone_16.jpg,cyclone,rupakroy,Cyclone,mixed_aerial_web,train
train/cyclone/rupakroy_Cyclone_17.jpg,cyclone,rupakroy,Cyclone,mixed_aerial_web,train
train/cyclone/rupakroy_Cyclone_18.jpg,cyclone,rupakroy,Cyclone,mixed_aerial_web,train
train/cyclone/rupakroy_Cyclone_19.jpg,cyclone,rupakroy,Cyclone,mixed_aerial_web,train
train/cyclone/rupakroy_Cyclone_20.jpg,cyclone,rupakroy,Cyclone,mixed_aerial_web,train
train/cyclone/rupakroy_Cyclone_21.jpg,cyclone,rupakroy,Cyclone,mixed_aerial_web,train
train/cyclone/rupakroy_Cyclone_22.jpg,cyclone,rupakroy,Cyclone,mixed_aerial_web,train
train/cyclone/rupakroy_Cyclone_23.jpg,cyclone,rupakroy,Cyclone,mixed_aerial_web,train
train/cyclone/rupakroy_Cyclone_24.jpg,cyclone,rupakroy,Cyclone,mixed_aerial_web,train
train/cyclone/rupakroy_Cyclone_25.jpg,cyclone,rupakroy,Cyclone,mixed_aerial_web,train
train/cyclone/rupakroy_Cyclone_26.jpg,cyclone,rupakroy,Cyclone,mixed_aerial_web,train
train/cyclone/rupakroy_Cyclone_27.jpg,cyclone,rupakroy,Cyclone,mixed_aerial_web,train
train/cyclone/rupakroy_Cyclone_28.jpg,cyclone,rupakroy,Cyclone,mixed_aerial_web,train
train/cyclone/rupakroy_Cyclone_29.jpg,cyclone,rupakroy,Cyclone,mixed_aerial_web,train
train/cyclone/rupakroy_Cyclone_30.jpg,cyclone,rupakroy,Cyclone,mixed_aerial_web,train
train/cyclone/rupakroy_Cyclone_31.jpg,cyclone,rupakroy,Cyclone,mixed_aerial_web,train
train/cyclone/rupakroy_Cyclone_32.jpg,cyclone,rupakroy,Cyclone,mixed_aerial_web,train
train/cyclone/rupakroy_Cyclone_33.jpg,cyclone,rupakroy,Cyclone,mixed_aerial_web,train
train/cyclone/rupakroy_Cyclone_34.jpg,cyclone,rupakroy,Cyclone,mixed_aerial_web,train
train/cyclone/rupakroy_Cyclone_35.jpg,cyclone,rupakroy,Cyclone,mixed_aerial_web,train
train/cyclone/rupakroy_Cyclone_36.jpg,cyclone,rupakroy,Cyclone,mixed_aerial_web,train
train/cyclone/rupakroy_Cyclone_37.jpg,cyclone,rupakroy,Cyclone,mixed_aerial_web,train
train/cyclone/rupakroy_Cyclone_38.jpg,cyclone,rupakroy,Cyclone,mixed_aerial_web,train
train/cyclone/rupakroy_Cyclone_39.jpg,cyclone,rupakroy,Cyclone,mixed_aerial_web,train
train/cyclone/rupakroy_Cyclone_40.jpg,cyclone,rupakroy,Cyclone,mixed_aerial_web,train
train/cyclone/rupakroy_Cyclone_41.jpg,cyclone,rupakroy,Cyclone,mixed_aerial_web,train
train/cyclone/rupakroy_Cyclone_42.jpg,cyclone,rupakroy,Cyclone,mixed_aerial_web,train
train/cyclone/rupakroy_Cyclone_43.jpg,cyclone,rupakroy,Cyclone,mixed_aerial_web,train
train/cyclone/rupakroy_Cyclone_44.jpg,cyclone,rupakroy,Cyclone,mixed_aerial_web,train
train/cyclone/rupakroy_Cyclone_45.jpg,cyclone,rupakroy,Cyclone,mixed_aerial_web,train
train/cyclone/rupakroy_Cyclone_46.jpg,cyclone,rupakroy,Cyclone,mixed_aerial_web,train
train/cyclone/rupakroy_Cyclone_47.jpg,cyclone,rupakroy,Cyclone,mixed_aerial_web,train
train/cyclone/rupakroy_Cyclone_48.jpg,cyclone,rupakroy,Cyclone,mixed_aerial_web,train
train/cyclone/rupakroy_Cyclone_49.jpg,cyclone,rupakroy,Cyclone,mixed_aerial_web,train
train/cyclone/rupakroy_Cyclone_50.jpg,cyclone,rupakroy,Cyclone,mixed_aerial_web,train
train/cyclone/rupakroy_Cyclone_51.jpg,cyclone,rupakroy,Cyclone,mixed_aerial_web,train
train/cyclone/rupakroy_Cyclone_52.jpg,cyclone,rupakroy,Cyclone,mixed_aerial_web,train
train/cyclone/rupakroy_Cyclone_53.jpg,cyclone,rupakroy,Cyclone,mixed_aerial_web,train
train/cyclone/rupakroy_Cyclone_54.jpg,cyclone,rupakroy,Cyclone,mixed_aerial_web,train
train/cyclone/rupakroy_Cyclone_55.jpg,cyclone,rupakroy,Cyclone,mixed_aerial_web,train
train/cyclone/rupakroy_Cyclone_56.jpg,cyclone,rupakroy,Cyclone,mixed_aerial_web,train
train/cyclone/rupakroy_Cyclone_57.jpg,cyclone,rupakroy,Cyclone,mixed_aerial_web,train
train/cyclone/rupakroy_Cyclone_58.jpg,cyclone,rupakroy,Cyclone,mixed_aerial_web,train
train/cyclone/rupakroy_Cyclone_59.jpg,cyclone,rupakroy,Cyclone,mixed_aerial_web,train
val/cyclone/rupakroy_Cyclone_0.jpg,cyclone,rupakroy,Cyclone,mixed_aerial_web,val
val/cyclone/rupakroy_Cyclone_1.jpg,cyclone,rupakroy,Cyclone,mixed_aerial_web,val
val/cyclone/rupakroy_Cyclone_2.jpg,cyclone,rupakroy,Cyclone,mixed_aerial_web,val
val/cyclone/rupakroy_Cyclone_3.jpg,cyclone,rupakroy,Cyclone,mixed_aerial_web,val
val/cyclone/rupakroy_Cyclone_4.jpg,cyclone,rupakroy,Cyclone,mixed_aerial_web,val
val/cyclone/rupakroy_Cyclone_5.jpg,cyclone,rupakroy,Cyclone,mixed_aerial_web,val
val/cyclone/rupakroy_Cyclone_6.jpg,cyclone,rupakroy,Cyclone,mixed_aerial_web,val
val/cyclone/rupakroy_Cyclone_7.jpg,cyclone,rupakroy,Cyclone,mixed_aerial_web,val
val/cyclone/rupakroy_Cyclone_8.jpg,cyclone,rupakroy,Cyclone,mixed_aerial_web,val
val/cyclone/rupakroy_Cyclone_9.jpg,cyclone,rupakroy,Cyclone,mixed_aerial_web,val
val/cyclone/rupakroy_Cyclone_10.jpg,cyclone,rupakroy,Cyclone,mixed_aerial_web,val
val/cyclone/rupakroy_Cyclone_11.jpg,cyclone,rupakroy,Cyclone,mixed_aerial_web,val
val/cyclone/rupakroy_Cyclone_12.jpg,cyclone,rupakroy,Cyclone,mixed_aerial_web,val
val/cyclone/rupakroy_Cyclone_13.jpg,cyclone,rupakroy,Cyclone,mixed_aerial_web,val
val/cyclone/rupakroy_Cyclone_14.jpg,cyclone,rupakroy,Cyclone,mixed_aerial_web,val
val/cyclone/rupakroy_Cyclone_15.jpg,cyclone,rupakroy,Cyclone,mixed_aerial_web,val
val/cyclone/rupakroy_Cyclone_16.jpg,cyclone,rupakroy,Cyclone,mixed_aerial_web,val
val/cyclone/rupakroy_Cyclone_17.jpg,cyclone,rupakroy,Cyclone,mixed_aerial_web,val
val/cyclone/rupakroy_Cyclone_18.jpg,cyclone,rupakroy,Cyclone,mixed_aerial_web,val
val/cyclone/rupakroy_Cyclone_19.jpg,cyclone,rupakroy,Cyclone,mixed_aerial_web,val
test/cyclone/rupakroy_Cyclone_0.jpg,cyclone,rupakroy,Cyclone,mixed_aerial_web,test
test/cyclone/rupakroy_Cyclone_1.jpg,cyclone,rupakroy,Cyclone,mixed_aerial_web,test
test/cyclone/rupakroy_Cyclone_2.jpg,cyclone,rupakroy,Cyclone,mixed_aerial_web,test
test/cyclone/rupakroy_Cyclone_3.jpg,cyclone,rupakroy,Cyclone,mixed_aerial_web,test
test/cyclone/rupakroy_Cyclone_4.jpg,cyclone,rupakroy,Cyclone,mixed_aerial_web,test
test/cyclone/rupakroy_Cyclone_5.jpg,cyclone,rupakroy,Cyclone,mixed_aerial_web,test
test/cyclone/rupakroy_Cyclone_6.jpg,cyclone,rupakroy,Cyclone,mixed_aerial_web,test
test/cyclone/rupakroy_Cyclone_7.jpg,cyclone,rupakroy,Cyclone,mixed_aerial_web,test
test/cyclone/rupakroy_Cyclone_8.jpg,cyclone,rupakroy,Cyclone,mixed_aerial_web,test
test/cyclone/rupakroy_Cyclone_9.jpg,cyclone,rupakroy,Cyclone,mixed_aerial_web,test
test/cyclone/rupakroy_Cyclone_10.jpg,cyclone,rupakroy,Cyclone,mixed_aerial_web,test
test/cyclone/rupakroy_Cyclone_11.jpg,cyclone,rupakroy,Cyclone,mixed_aerial_web,test
test/cyclone/rupakroy_Cyclone_12.jpg,cyclone,rupakroy,Cyclone,mixed_aerial_web,test
test/cyclone/rupakroy_Cyclone_13.jpg,cyclone,rupakroy,Cyclone,mixed_aerial_web,test
test/cyclone/rupakroy_Cyclone_14.jpg,cyclone,rupakroy,Cyclone,mixed_aerial_web,test
test/cyclone/rupakroy_Cyclone_15.jpg,cyclone,rupakroy,Cyclone,mixed_aerial_web,test
test/cyclone/rupakroy_Cyclone_16.jpg,cyclone,rupakroy,Cyclone,mixed_aerial_web,test
test/cyclone/rupakroy_Cyclone_17.jpg,cyclone,rupakroy,Cyclone,mixed_aerial_web,test
test/cyclone/rupakroy_Cyclone_18.jpg,cyclone,rupakroy,Cyclone,mixed_aerial_web,test
test/cyclone/rupakroy_Cyclone_19.jpg,cyclone,rupakroy,Cyclone,mixed_aerial_web,test
